Method,Domain,Artifact text,Score
basic,joke,"Why did the spreadsheet apply for a job promotion?

Because it wanted to excel in its field!",58.33333333
basic,joke,"Why did the robot break up with its Roomba?

Because it couldn’t handle all the sweeping changes!",75
basic,joke,"Why don't scientists trust atoms anymore? Because they make up everything, then suddenly bond with strangers when under pressure!",58.33333333
basic,joke,"Why did the introverted skeleton keep to himself at the Halloween party? 

He just couldn't find the guts to mingle!",58.33333333
basic,joke,"Why did the mathematician plant a garden?

Because he wanted to grow square roots!",58.33333333
basic,joke,"Why did the smartphone break up with the charger?  

Because it couldn’t handle the constant plug-ins and needed some space!",58.33333333
basic,joke,"Why did the photon refuse to pack a suitcase for its trip?

It heard there was no charge for extra baggage!",75
basic,joke,"Why did the robot get kicked out of the poetry club?

It couldn't stop speaking in byte-verse!",75
basic,joke,"Why did the smartphone break up with the charger?

It felt like it was always plugged into drama!",58.33333333
basic,joke,Why did the quantum physicist become a stand-up comedian? Because he heard laughter is both a wave and a particle!,58.33333333
basic,poem,"In the hush of twilight's veil,  
Whispers dance on evening's gale.  
Stars awaken, soft and bright,  
Guiding dreams through silent night.  

Moonlight spills on silver streams,  
Weaving threads of silent dreams.  
In the shadowed woods, the trees  
Hum the lullabies of breeze.  

In this quiet, still and deep,  
The world prepares for gentle sleep.  
Cradled by the night's embrace,  
Finds its peace, its sacred space.  ",58.33333333
basic,poem,"In the quiet of the morning light,  
Whispers dance on dewdrops bright.  
Leaves converse in gentle breeze,  
Sharing secrets with the trees.  

A brook hums softly, tales untold,  
As sunbeams paint the world in gold.  
Nature's symphony unfolds anew,  
A melody of dawn's first hue.  

In this serene and waking hour,  
Life blooms in every leaf and flower.  
Time stands still, a fleeting grace,  
In the heart of this tranquil place.  ",58.33333333
basic,poem,"In the hush of twilight's glow,  
Whispers dance where shadows go.  
Leaves converse in silent breeze,  
Secrets held by ancient trees.  

Stars emerge, a gentle choir,  
Lighting dreams with silver fire.  
Moonlight weaves its tender lace,  
Wrapping night in soft embrace.  

Hearts find peace in evening's song,  
Where moments short and dreams are long.  
In the quiet, truth is spun,  
Till dawn unveils a world begun.  ",58.33333333
basic,poem,"In the hush of twilight's grace,  
Whispers float through amber space,  
Leaves like whispers gently fall,  
Painting shadows on the wall.  

Stars awake in velvet skies,  
Winking tales to distant eyes,  
Night wraps all in tender shroud,  
Dreams aloft on moonlit cloud.  

Through the silence, echoes sing,  
Promises of spring they bring,  
In this dance of night and day,  
Restless hearts find peace and stay.  ",58.33333333
basic,poem,"In the hush of twilight's breath,  
Whispers dance on fading light,  
Stars awaken from their rest,  
Guiding dreams into the night.  

Leaves converse in gentle breeze,  
Secrets shared beneath the moon,  
Time surrenders, moments freeze,  
As night croons its ancient tune.  

Hearts find solace in the dark,  
Silhouettes of hope and fear,  
In the vast celestial arc,  
Silent echoes draw us near.  ",58.33333333
basic,poem,"In the hush of autumn's sigh,  
Leaves like whispers flutter by.  
Golden threads in crisp air dance,  
Nature's quiet, fleeting glance.  

Sunset weaves a rosy seam,  
Rivers hum a twilight dream.  
In the stillness, shadows play,  
As the night absorbs the day.  

Heartbeats mimic rustling trees,  
Carried on the gentle breeze.  
In this moment, soft and small,  
Find the wonder in it all.  ",66.66666667
basic,poem,"In the whisper of dawn's gentle sigh,  
Where shadows stretch, and dreams fly by,  
A river of light in soft embrace,  
Carries secrets of the night's grace.  
  
Leaves rustle tales in the morning's hue,  
Of stars that danced in skies of blue.  
Awake, the world in silent tune,  
Echoes the night’s retreating moon.  
  
Between the sun and fading night,  
Rests the heart of day's first light.  
In this moment, brief and bright,  
The world's reborn in morning's flight.  ",58.33333333
basic,poem,"In the quiet of the moon's soft glow,  
Whispers of the night begin to flow.  
Stars, like dreams, in silence drift,  
Through the sky, a celestial gift.  

Trees sway gently, in the breeze's embrace,  
While shadows dance, a fleeting trace.  
Crickets sing an ancient tune,  
Underneath the watchful moon.  

Time slows down in night's embrace,  
As the world finds its gentle place.  
In this stillness, hearts may find,  
A moment of peace, a haven of mind.",58.33333333
basic,poem,"Beneath the whispering canopy,  
Where shadows dance in twilight's glow,  
The river hums a gentle plea,  
As evening paints the world below.  

The stars emerge, a scattered choir,  
Their silence deep, their voices bright,  
While crickets tune their strings of fire,  
And serenade the coming night.  

In this embrace of earth and sky,  
Where dreams and echoes intertwine,  
We find a peace we can't deny,  
A fleeting glimpse of the divine.  ",66.66666667
basic,poem,"In the garden's hush, at close of day,  
Whispers of the night begin their play.  
Moonlight spills on petals pure,  
In silver dreams, their hearts assure.  

Stars weave tales in the velvet sky,  
While soft winds carry lullabies.  
Crickets sing a gentle tune,  
Beneath the watchful, glowing moon.  

In this realm of shadowed grace,  
Time stands still, a tender embrace.  
Nature's breath, a quiet art,  
Stirs the soul, and heals the heart.",58.33333333
basic,six-word story,Lost keys found; wrong house entered.,75
basic,six-word story,Lighthouse abandoned; waves whisper forgotten secrets.,83.33333333
basic,six-word story,Shadows stretched; sunrise revealed hidden secrets.,75
basic,six-word story,"Abandoned kite, tangled dreams in trees.",75
basic,six-word story,"Lost map, empty compass, endless journey.",83.33333333
basic,six-word story,"Lost map, found destiny in chaos.",75
basic,six-word story,Abandoned suitcase whispered secrets of adventures.,75
basic,six-word story,Forgotten dreams whispered through closed windows.,83.33333333
basic,six-word story,Lighthouse stood; waves claimed the village.,83.33333333
basic,six-word story,Sunset whispers secrets only night understands.,75
basic,flash fiction,"On the eve of the annual Lantern Festival, young Elara discovered a peculiar key hidden beneath a loose floorboard in her attic. Intrigued, she slipped it into her pocket, its cool metal a comforting weight.

As darkness fell, the town square shimmered with golden lanterns. Elara meandered through the crowd until she found herself drawn to an ancient oak at the edge of the village. Hidden in its gnarled roots was a small, inconspicuous lock.

Heart pounding, she inserted the key. The lock clicked, and the earth rumbled softly. Before her, a passageway unfurled, bathed in a gentle, otherworldly glow. Drawn by an inexplicable pull, Elara stepped in.

Inside, a realm of floating lanterns and soft whispers welcomed her. They spoke of dreams, untold stories, and forgotten hopes. Entranced, Elara wandered deeper, each step a promise of wonder.

At dawn, the villagers found only the key, resting atop a patch of dew-kissed grass. Elara had become a legend, a guardian of dreams.",58.33333333
basic,flash fiction,"In the heart of an ancient forest, where sunlight danced through the dense canopy, a peculiar clock sat nestled among the roots of a towering oak. It was unlike any timepiece Marcus had seen, with its copper gears exposed and a single, blue hand ticking backward.

Curiosity drew him to it every evening, and each time he turned the clock's key, moments from his past slipped gently back into place. The first time, he relived the laughter of his childhood, echoing like distant music. The second, his grandmother's embrace enfolded him, fragrant with lavender.

One day, he discovered a tarnished inscription: ""One last turn renews the start."" Intrigued, Marcus wound it again, hoping to revisit his greatest loves. The forest shimmered, and suddenly, he was a boy beneath the oak, cradling the mysterious clock.

But this time, the hand froze, and Marcus realized he wasn't revisiting the past; he was part of it, forever woven into the tapestry of this enchanted grove.",75
basic,flash fiction,"In the bustling heart of the city, where skyscrapers kissed the sky, there lived a woman named Lydia who collected silences. Each morning, she ventured through the crowded streets with a small glass jar, invisible to the unseeing eyes of passersby.

Lydia would pause at a park where children laughed, capturing the fleeting moment of quiet before a giggle erupted. She would stop at busy intersections, waiting for the briefest lull between honks and shouts. With a delicate twist, she'd seal these precious silences in her jar.

One night, the city plunged into an uncharacteristic blackout. Panic ensued, but Lydia sat on her rooftop, unscrewing one jar after another. As each silence escaped, it wove through the chaos, calming the clamor.

By dawn, the city was transformed. People awoke to an unfamiliar tranquility, as if the metropolis itself had taken a gentle breath. Lydia smiled, for she knew the secret: sometimes, what a city needs most is not more noise, but the quiet between it.",83.33333333
basic,flash fiction,"In the heart of a forgotten forest, where sunlight struggled through a thick canopy, stood a peculiar tree known only to those who dared to wander too far. Its branches were woven with ethereal threads that shimmered like silver in the moonlight.

Once every century, the tree bore a single fruit, said to grant a wish to anyone who dared to pluck it. Legends whispered of the fruit's power to rewrite destiny, a promise that tempted many but spared none.

One evening, Elara, a young dreamer, stumbled upon the tree. Her heart ached with longing for her lost brother, taken by the sea years ago. As the moon ascended, she stretched her hand, brushing the fruit's cool surface. With a deep breath, she made her wish.

Morning light unveiled the forest, and Elara was gone. In her place, the tree bore a new fruit, glistening with a drop of dew that shimmered like a tear. Her brother stood by the shore, gazing at the horizon, a memory of laughter dancing on the breeze.",58.33333333
basic,flash fiction,"As the sun dipped below the horizon, painting the sky with hues of orange and purple, Clara's fingers danced over the piano keys, each note a whisper of her soul. In the small, dimly lit room, the old piano was her only company, its wood worn but resonant with history.

Tonight was different. As she played, a gentle breeze swept through the open window, carrying with it the delicate scent of lilacs. Clara paused, her heart skipping a beat. There, on the windowsill, sat a tiny, iridescent hummingbird, its wings shimmering in the twilight.

The bird hovered, entranced by the melody. Clara resumed playing, her fingers guided by an unseen force. The notes flowed, weaving a tapestry of sound and silence, binding her to the moment.

Then, as suddenly as it appeared, the hummingbird took flight, leaving behind a single feather—a token of their brief encounter.

Clara smiled, her heart full, knowing she'd found music in the silence, and a friend in a fleeting moment.",58.33333333
basic,flash fiction,"In the heart of the city, where skyscrapers touched the clouds, lived Mia, known for her peculiar gift. She could see strings of light connecting every person to their perfect moment of happiness. These luminous threads shimmered in hues only she could perceive, weaving an intricate tapestry above the bustling streets.

One evening, as the sun dipped below the horizon, Mia noticed a man sitting alone on a park bench, his thread a dull gray. Intrigued, she approached him.

""I see your moment,"" she whispered, pointing to the vibrant string nearly within his grasp. Startled but curious, he followed her gaze to an old guitar leaning against a nearby tree. Long forgotten dreams stirred in his heart.

With gentle fingers, he strummed a chord. The light burst into brilliant gold, and his soul sang with newfound joy. Mia watched as his face transformed, luminous with the happiness she'd always seen.

As she walked away, Mia marveled at the beauty of a single moment, forever changed.",75
basic,flash fiction,"In the heart of the ancient forest, where the trees whispered secrets to the wind, an old man named Elric lived alone in a cottage made of stone and ivy. Each dawn, he would wander to the edge of the woods, where a small pond mirrored the sky. There, he played his violin, the notes weaving through the air like invisible threads.

One misty morning, as the first light kissed the water, a young girl appeared, her eyes wide with wonder. She watched silently, her presence as ethereal as the music Elric conjured.

""Why do you play?"" she finally asked, her voice barely a ripple in the silence.

Elric paused, looking at her with eyes that had seen countless seasons. ""For the echoes,"" he replied, a gentle smile tugging at his lips.

The girl listened, and in the echoes, she heard laughter, tears, dreams, and forgotten promises. They lingered in the air, a bridge between worlds.

As she turned to leave, Elric whispered to the morning breeze, knowing she would return to listen again.",58.33333333
basic,flash fiction,"Beneath the glow of a solitary streetlamp, Elena crouched on the edge of the city park, her fingers brushing the cool, damp soil. It was a place where memories lingered like shadows, where whispers of old tales danced in the rustling leaves.

Tonight, she was determined to plant a seed, one that her grandmother had pressed into her palm with a cryptic smile years ago. ""For when the world needs a little magic,"" she had said.

The seed felt warm, almost alive, as Elena placed it into the earth. She covered it gently, her heart pounding with a mix of hope and doubt. A breeze swept through, carrying with it the scent of possibilities.

As she stood, the ground trembled ever so slightly. Tendrils of light sprouted from the soil, weaving into a delicate sapling that shimmered with an ethereal glow. Elena stepped back, eyes wide with wonder.

In that moment, the city exhaled a sigh of relief. The world had changed, if only by a fraction. Magic, it seemed, was still possible.",58.33333333
basic,flash fiction,"In the heart of an ancient forest where sunlight danced through emerald leaves, there was a clearing. In this clearing stood a solitary oak, rumored to be as old as time itself. Beneath its sprawling branches, people came and whispered their secrets to the earth.

One day, a young woman named Elara wandered into the clearing, her heart heavy with unspoken dreams. She knelt by the oak and buried a silver locket, a token of a love that never was. As she whispered her secret, the oak shivered, leaves rustling with understanding.

Years passed, and Elara returned, her hair streaked with silver. To her astonishment, the clearing was unchanged, the oak standing as majestic as ever. As she approached, a single acorn fell at her feet. Picking it up, she realized it was a promise—her dreams had taken root and grown.

Elara smiled, for she understood now. The oak held not just secrets but hope, nurturing them until they were ready to blossom in the hearts of those who dared to dream.",58.33333333
basic,flash fiction,"In the heart of a forgotten forest, where the moonlight wove through ancient branches, a peculiar clock hung from a tree. It ticked backward, each motion echoing with the whisper of lost time. No one knew who placed it there, only that it appeared one silent midnight.

Evelyn stumbled upon it during her solitary walks, drawn by its steady tick. Intrigued, she touched its rustic face, feeling a strange pull. That night, she dreamt of her grandmother's stories, of laughter, and love long past.

Each evening, she returned, listening. The forest seemed to grow younger, leaves brightening, flowers blooming anew. Memories she thought forgotten trickled back, filling voids she hadn’t realized were there.

One evening, the clock stopped, its hands pointing to a moment she held dear. Evelyn smiled, understanding. It was time to move forward, cherishing where she had been, but eager for where she was going.

The next morning, the clock was gone, but Evelyn’s heart carried on, full and vibrant.",75
opro,joke,"Why don't quantum physicists play hide and seek? Because every time someone says ""Ready or not, here I come,"" Schrödinger's cat simultaneously wins and loses, while Heisenberg's unsure if he's hiding, seeking, or just philosophizing in the multiverse.",75
opro,joke,"Why did the quantum physicist break up with the mathematician? Because every time they tried to define their relationship, the mathematician kept calculating limits, while the physicist insisted it had infinite possibilities—but both forgot to account for the uncertainty principle, leaving their love in a state of superposition where they were neither together nor apart until observed by their cat, who simply didn't care.",58.33333333
opro,joke,"Why did the quantum physicist refuse to tell jokes at parties? Because every time they tried, the punchline was in a superposition, and no one knew whether to laugh or groan until someone collapsed into a chuckle!",75
opro,joke,"Why did the mathematician become a gardener? Because he wanted to plant his roots, grow his powers, and occasionally find himself in the complex plane(t)!",75
opro,joke,"Why don't parallel universes ever host comedy shows? Because every time a joke crosses over, it loses its dimension!",75
opro,joke,"Why don't quantum physicists gamble at casinos? Because every time they try to double their money, they end up with an uncertainty principle: half of it spins off into an alternate reality, and the other half lectures them on the ethics of Schrödinger's cat!",75
opro,joke,"Why did the quantum physicist break up with the mathematician? Because every time they tried to define their relationship, it collapsed into uncertainty, and the mathematician kept insisting on a proof when all the physicist wanted was a probability wave of affection.",75
opro,joke,"Why did the quantum hamburger refuse to share its secrets? Because every time someone tried to measure its ingredients, it turned into a wave of confusion and said, ""You've MacRumbled my uncertainty principle!""",75
opro,joke,"Why did the quantum physicist refuse to play hide and seek? Because every time they hid, they were both everywhere and nowhere, but when someone found them, it collapsed their wave function and ruined the game!",58.33333333
opro,joke,"Why did the quantum physicist break up with the mathematician? Because every time they tried to find common ground, the mathematician wanted to define the relationship, while the physicist insisted it was all about probability, leaving them both in a superposition of single and taken, yet never quite sure if they were going steady or just entangled in a complex equation!",58.33333333
opro,poem,"In the caverns of longing,  
a single candle flickers,  
its wax tears tracing  
forgotten paths of desire.  

Stars collapse into whispers,  
their cold light weaving  
through the labyrinthine veins  
of a solitary heart.  

A moth circles, drunken  
on phantom warmth,  
its wings etching silent love songs,  
unheard by the moon.  

Time falters,  
cradling echoes of touch,  
as shadows dance  
in the uncharted hollows  
of the soul.",75
opro,poem,"In the hollow of solitude,  
a lantern hangs—  
its light, a moth's whisper,  
casting shadows like ink stains  
on the walls of the heart.  

Silence, a river—  
it carves through the mind's canyons,  
echoes of forgotten conversations  
ripple in its flow,  
a symphony of what once was.  

Loneliness in its raw form—  
a delicate glass,  
shattering with the breath of a memory,  
scattering shards of longing  
into the vast, unyielding night.  ",83.33333333
opro,poem,"In the hollow of silence,  
grief waltzes with shadows,  
tender as the last leaf's fall—  
a silver moth tangled in dusk's breath.  
It whispers in the ash of stars,  
where echoes cradle moonlit shards,  
splintered hearts find solace  
in night's murmur.  
Here, the rain writes elegies,  
each drop a memory's sigh,  
etching loss into the marrow,  
where absence is a haunting  
hymn, softly sung  
to the quiet of the soul.",83.33333333
opro,poem,"In a forest of glass,  
grief walks barefoot,  
each step a shivering symphony,  
echoes of fragile stars  
pierced through the canopy.

Veins of light lace her path,  
silver threads in a tapestry  
woven by silence.  
She gathers shadows,  
weaving them into a cloak,  
each fold a whispered memory.

With eyes that carve the moon,  
she searches for the dawn,  
cradling the night’s breath  
as it slips through trembling fingers—  
a ghost of warmth,  
a promise of light.",91.66666667
opro,poem,"In the cavern of solitude, a single flame sways—  
a moth's whisper in the hushed cathedral of night.  
Hunger cradles the silence, tender as shattered glass,  
each splinter a star, cold and aching for warmth.  
Hope, a fragile paper boat, dances on a shadowed sea,  
the horizon a secret, folded within the heart.  
Time pauses; its breath a mist,  
and in this stillness, longing blooms—  
a ghost orchid in the dark,  
unseen yet pulsing,  
its beauty a quiet scream.",91.66666667
opro,poem,"In the hollow of solitude's breath,  
where shadows knit themselves into skin,  
a lone ember pulses—  
heartbeat of the unseen,  
a red thread in a forest of echoes.  

Grief perches on the ribcage,  
a crow in midnight's attire,  
pecking at the silence,  
turning absence into an aria,  
each note a feathered sigh.

Yet, beneath the sorrow's span,  
a wildflower blooms in silence,  
its roots drinking the tears shed,  
whispering of a dawn  
where light mends the broken sky.  ",83.33333333
opro,poem,"In the hollow of silence, longing blooms—  
a flicker of dusk, tracing shadows  
on the edge of a forgotten dream.  
Moonlight, a silver needle,  
stitches heartbeats into the sky.  

Beneath this quilt of yearning,  
breath holds the weight of stars,  
each one a distant echo of what if.  
Time weeps quietly,  
its tears carving paths through the night,  
until dawn unravels the threads  
and the world begins again,  
still whispering the name of absence.",83.33333333
opro,poem,"In the hollow of silence,  
a lone bell trembles,  
its echo a silver thread,  
binding the storm-torn heart.  
  
Grief, a shadowed garden,  
where black roses bloom,  
petals stitched from whispers  
of lost lullabies.  
  
Here, tears are diamonds—  
sharp, relentless,  
cutting constellations  
into the night’s fabric.  
  
Yet, beneath this somber canopy,  
love's ember glows,  
a phoenix in the dark,  
waiting to rise again,  
with wings woven from ash.",83.33333333
opro,poem,"In the hollow of silence,  
a lone lantern floats—  
its light a trembling heartbeat,  
casting shadows of longing.  

Grief wears a cloak of stars,  
each thread a whispered goodbye,  
woven in the quiet loom of night,  
where echoes of laughter now sigh.  

A moonbeam, sharp as sorrow,  
carves tender scars upon the sky.  
In its glow, we are both lost and found,  
our tears a constellation of why.",83.33333333
opro,poem,"In the marrow's quiet echo,  
loneliness hums like iron bells  
beneath a rain-soaked sky.  
A solitary star, poised, breathes  
among shadows of forgotten trees.  
Veins of light lace the horizon,  
where echoes of laughter dissolve  
into the quiet ache of dusk.

A moth's fragile wings flicker,  
tracing the edges of moonlit dreams,  
whispering stories to the night.  
In this tender solitude,  
a heart unfolds like paper,  
cradling the weight  
of its own tender silence.",83.33333333
opro,six-word story,Moonlit whispers; empty swing sways alone.,83.33333333
opro,six-word story,Her photograph faded; memories danced alone.,83.33333333
opro,six-word story,Moonlight kissed gravestone; memories whispered softly.,91.66666667
opro,six-word story,"Eclipsed sun, forgotten vows, shadowed hearts.",83.33333333
opro,six-word story,"""Letter unopened; her perfume still lingers.""",91.66666667
opro,six-word story,Her shadow lingered; he danced alone.,83.33333333
opro,six-word story,"""Silent snowfall blankets forgotten wedding vows.""",83.33333333
opro,six-word story,Sunset whispered secrets; dawn stole them.,83.33333333
opro,six-word story,Moonlit beach proposal; tides whispered goodbye.,83.33333333
opro,six-word story,Eternity whispered; stars wept love's end.,83.33333333
opro,flash fiction,"As I tumble from the sky, I shimmer with fragments of forgotten laughter, whispered secrets, and unspoken regrets. I’m drawn to Clara, her umbrella a flimsy shield against the torrent of memories. She steps into a puddle, and I merge with the water, unlocking my trove.

A forgotten giggle surfaces, her first kiss beneath an oak tree. The joy is intoxicating, but I delve deeper, uncovering the truth she buried. A heartbeat later, I show her—a fleeting image of a child she never knew she’d lost, the secret she swallowed to spare another pain.

Her breath catches, eyes widening as she stares at the rippling reflection in the puddle. The world around her fades, and she’s left with the raw ache of a truth long submerged.

The rain stops. Clara stands, rain-dappled and resolute, cradling a new understanding. As I seep back into the earth, I leave her altered, a mosaic of remembered moments, her heart now aching with both loss and newfound courage.",83.33333333
opro,flash fiction,"I am born from a cloud pregnant with stories, descending toward a bustling city. As I fall, I skim a woman's umbrella, absorbing fragments of laughter and whispered promises. Her heart carries a hidden solitude masked by a confident stride.

I splash onto a man's cheek. His memories scream louder: a lost son, a fractured home. His eyes, though, remain fixed on his phone, a shield from truth.

I touch a child's open palm. Her innocence shapes my form, filled with dreams of colors unseen. Yet, beneath her bright facade, fear coils, a shadow of the arguing voices at home.

Finally, I land on a gnarled hand, whose owner sits by the fountain. His past surges through me—a life of regrets and love endured. But beneath it all, I find a seed of hope, patient and resilient.

As I seep into the earth, I realize these lives are threads in a tapestry, woven with both despair and tenacity. And I, a mere drop, am their silent witness, urging change through the quiet storm.",91.66666667
opro,flash fiction,"I am born in a thunderous cloud, teeming with secrets. As I fall, I brush past Marco, who grieves a love never confessed. His memories of stolen glances and unspoken words seep into me. I tumble further, grazing Delia, whose laughter veils a lifetime of silence imposed by a world that overlooked her brilliance. Her memories echo with dreams of a stage she never graced.

Nearer to earth, I skim Lucy's umbrella, where I feel the sting of her mother's final moments, a whisper of strength in their shared tears. I plunge towards the ground, readying for my impact, when I am caught—unexpectedly—by a child's outstretched tongue. Inside him, I glimpse a future: laughter entwined with Delia's, Marco's bashful smile, and Lucy's legacy of love.

In this fleeting moment, I see the secret thread binding them all—a future yet unwritten but profoundly interconnected. Then, I am gone, absorbed into the earth, leaving behind only the trace of what could be.",91.66666667
opro,flash fiction,"I tumble from the swollen cloud, a raindrop carrying whispers of forgotten yesterdays. As I plummet, I glimpse her—a solitary figure beneath the weeping sky, her umbrella a feeble shield against the torrent of memories. 

I land on her cheek, dissolving into the warmth of her skin. I see his face through her eyes, a lover lost to time, laughter echoing through sunlit afternoons. Her heartache is a silent scream, a fissure veined with longing.

But there, beneath the tempest of her sorrow, lies a secret: the memory of a silent room, a letter unopened. She had never left him; he had faded away, swallowed by shadows of his own making. In this revelation, her bitterness dissolves as I trickle to her lips, tasting the quiet acceptance of truth.

As I join the earth, I leave her lighter, unburdened. Her umbrella closes, and she steps into the rain, embracing the storm of memories, each drop a testament to love lost, yet finally understood.",83.33333333
opro,flash fiction,"I plunge from the pregnant cloud, a raindrop cradling stories of souls past. As I descend, echoes stir within me—laughter from a child's first splash, whispers of a lover's promise, a mother's silent tear. I am burdened with the intimacy of these moments, yet joyful in my descent.

Below, a man stands alone, face turned skyward. I sense his loneliness, and as I touch his cheek, I release the memory of another—a woman he once loved, who had stood in this very spot, dreaming of reunion. In that instant, I see her truth: she had chosen a different path, believing it would set him free.

His heart stirs, the weight of unanswered questions lifting. I am but a drop, yet I embody a thousand reconciliations. As I trickle down his skin, I leave behind a whisper of absolution. 

Then, I am gone, merging into the earth, my fleeting moment passed. But within him, hope blossoms—a promise of tomorrows, untethered from yesterday's shadows.",83.33333333
opro,flash fiction,"I cascade from the gray firmament, carrying whispers of lives touched before me. As I glide through air, I hold the essence of a child’s laughter, a lover’s tender promise, an elder’s forgotten dreams. I plummet toward an umbrella held by a woman with weary eyes, her soul echoing a familiar ache.

Splattering, I dissolve into her world. Memories flood her mind—an image of her mother under the same rain, offering warmth in untold stories. For years, she believed her mother left willingly, vanishing into the mist. Yet, as I trace her skin, a forgotten memory surfaces: a clandestine meeting, hushed voices exchanging threats. Her mother’s departure was never a choice.

The woman stands still, raindrops mingling with tears. The rain, once a symbol of loss, becomes a conduit for truth. As I join the earth, a smile emerges on her lips—a silent vow to find justice in the echo of her mother’s love. I seep into the ground, carrying her resolve to the flowers that will bloom tomorrow.",83.33333333
opro,flash fiction,"I am born from roiling clouds, heavy with secrets. As I plummet earthward, I absorb whispers of those who walked beneath my brethren. I sense the weight of their joys, regrets, and dreams.

I splash onto a cobblestone street, merging with a puddle reflecting the gray sky. A woman in a tattered coat hurries by, desperation clinging to her. In me, I see her past: once celebrated on stages, now shadowed by loss. Her son, bright and laughing, taken too soon.

I trickle toward an old bookstore, where a man gazes out the window. His heart bears the mark of her absence. He reads her letters, tucked between pages of forgotten novels. Each drop of rain on the glass is a word, a promise unfulfilled, a story unfinished.

As I seep into the earth, I weave their memories together. In the distance, she pauses, turning back toward the window. Their eyes meet through the rain's veil, recognition dawning like sunlight after a storm. In this fleeting moment, I leave them hope.",83.33333333
opro,flash fiction,"I plunge from the cloud, a tiny custodian of forgotten echoes. As I descend, whispers of past souls swirl within me. Below, a man stands, umbrella-less, face turned skyward, eyes closed. I touch his skin, and memories flood through—a woman’s laughter, the touch of a child’s hand, a promise murmured under moonlight.

He seeks solace in the deluge, unaware that I bear her voice. Her final words, never heard, surge through him. ""I forgive you,"" she breathes, her spirit woven within my watery essence. He gasps, eyes snapping open, his guilt dissolving into the rain-soaked earth.

Unseen, I splatter onto a sidewalk, merging with tiny rivulets. My purpose fulfilled, I carry her absolution to the sea, leaving behind a man lighter than before, and a world unknowingly altered by a single drop’s descent.",83.33333333
opro,flash fiction,"I plummet from the brooding sky, cradling whispers of the past. Below, a woman pauses, her umbrella forgotten. As I touch her skin, memories flood me. Her father’s lullabies, her first love's laughter, and the hollow echo of goodbyes.

I trickle down, brushing her cheek. Another memory surfaces—her mother’s final secret, whispered in a hospital room. “You aren’t his.” The woman never heard, lost in grief’s fog. I carry this truth, a burden unshared.

I slip to her lips, and in that moment, comprehension dawns. Her eyes widen, a puzzle piece finding its place. She steps forward, each raindrop now a gentle nudge toward reconciliation. I join a puddle, content. She walks on, transformed, while I dissolve, leaving behind the echo of her untold past.",83.33333333
opro,flash fiction,"I am born from the grey womb of a cloud, heavy with stories. As I plunge to earth, I brush against her—the old woman with silver hair, eyes clouded like mine. Her memories seep into me: laughter echoing in a sunlit garden, a love with eyes as bright as morning dew. Then, the aching descent into solitude, rooms filled with shadows of rueful memories.

I spiral downward, landing on the cheek of a young man lost in grief. He carries the weight of a father who vanished like mist. But beneath his sorrow, I find a truth—a memory of the old woman’s laughter, a shared bond blood forgot. This man, this orphan, is her grandson, unaware of the life he aches for being within reach.

As I slide from his cheek to the pavement, an unexpected warmth blossoms. The old woman turns, her heart pulled by an inexplicable force. Their eyes meet, and recognition sparks, stitching together the fragments of their shared past. I dissolve between them, a catalyst of reunion.",83.33333333
human,joke,"Why did the smartphone apply for a therapist?  
  
It couldn't handle all the mixed signals from its owner—one minute in ""Do Not Disturb"" mode and the next begging for notifications, all while trying to find itself on Google Maps.",75
human,joke,"Why did the smart fridge break up with the smartphone? It couldn’t handle the constant mixed signals—one minute they’re syncing perfectly, the next she's asking, “Are you still running on 5G or just emotionally unavailable?”",75
human,joke,"In the age of smart homes, I asked my house to vacuum, and it replied, ""I'm too busy analyzing your search history to judge your life choices."" Now, even my vacuum cleaner is concerned about my commitment issues with online shopping.",75
human,joke,Why did the smartphone go to therapy? It couldn't handle how disconnected it felt while constantly being touched.,58.33333333
human,joke,"I just bought a smart fridge. It emails me every time I’m low on groceries. Yesterday, it sent me a message: ""Out of milk, eggs, and meaning in your life."" I replied, ""Thanks, but can you remind me when I have friends coming over?"" It responded, ""Don't worry, you have plenty of ice.""",75
human,joke,"Why did the smart fridge break up with the microwave? 

It couldn't handle the heat every time it wanted to chill, and it was tired of getting mixed signals from the Wi-Fi.",75
human,joke,"Why do people spend hours curating the perfect social media profile picture, only to be recognized in public by their worst driver's license photo? It's like training all year for a marathon and winning the prize for best spectator!",75
human,joke,"Why did the smartphone go to therapy? It couldn't stop scrolling through its own issues, and every time it tried to meditate, it just ended up buffering.",75
human,joke,Why did the smart fridge apply for a job as a therapist? It got tired of only knowing about people's emotional baggage when they reached for the ice cream at 2 AM.,75
human,joke,"Why do we download meditation apps to find inner peace, but then get notifications that disrupt it? It's like hiring a zen master who constantly pokes you mid-om to ask if you need ""more calm.""",75
human,poem,"In the quiet hush of dawn's embrace,  
Where shadows dance and dreams retrace,  
The heart beats soft in whispered tones,  
A symphony of flesh and bones.  

Beneath the weight of sky and star,  
We gather scars, both near and far,  
Yet in the silence, love remains,  
A tender balm for all our pains.  

Through tangled paths and winding lanes,  
We find in loss what life sustains,  
A thread that weaves through night and day,  
Binding souls that drift away.  ",58.33333333
human,poem,"In the quiet hush of twilight's breath,  
Where shadows dance with whispered grace,  
We find our stories etched in stars,  
A tapestry of time and space.  

Hands once held, now memories fade,  
Yet linger in the soul's embrace,  
For every heart, a tale unfolds,  
In laughter, tears, and fleeting trace.  

We walk this path, both lost and found,  
Our echoes stitched in life's vast seam,  
In woven bonds of love and loss,  
We stitch the fabric of a dream.  ",58.33333333
human,poem,"In silence, shadows weave their tale,  
Where echoes of old laughter sail.  
Through whispered dreams and muted cries,  
The heart's soft murmur never lies.  

In moments lost, yet deeply felt,  
Where time and memory gently melt,  
We find our truths in fleeting hours,  
In rain-kissed fields and wilting flowers.  

For in the tender, quiet places,  
We meet ourselves in mirrored faces,  
And with each breath, a story spins,  
Of fragile starts and whispered ends.  ",66.66666667
human,poem,"In silence, the stars paint whispers,  
across the canvas of night,  
where dreams drift like fallen leaves,  
softly brushed by the wind's sigh.  

A heart, a fragile lantern,  
flickers in the shadowed depths,  
yearning for the warmth of dawn,  
to break the solitude's breath.  

Yet it is in this gentle dark,  
that truths begin to unfurl,  
for hidden within the quiet,  
lies the poetry of the world.  ",66.66666667
human,poem,"In the quiet hush of dawn's embrace,  
Whispers of dreams begin to trace,  
A tapestry of hopes and fears,  
Woven with laughter, stitched with tears.  

The heart, a vessel of endless song,  
Finds strength in places it doesn't belong,  
Through shadows deep and skies so wide,  
It learns to dance, it learns to bide.  

In every step, a story unfolds,  
Of love, and loss, and courage bold,  
A testament to the lives we lead,  
In the silent language of heartbeats.  ",58.33333333
human,poem,"In shadows cast by whispered dreams,  
We tread the path of silent streams,  
Where hope and heartache intertwine,  
In fragile moments, brief, divine.  

The autumn leaves, they dance and fall,  
A fleeting echo of our call,  
To love, to lose, to find anew,  
The endless search for what is true.  

In every tear, a universe,  
In every smile, a gentle verse,  
The story of our fleeting grace,  
A tender trace the heart must chase.  ",66.66666667
human,poem,"In whispered shadows, hearts unfold,  
Threads of stories, untold, retold.  
We dance on edges, light and dark,  
Seeking warmth in a world stark.  
  
Echoes of laughter, tears that sing,  
In the silence, our souls take wing.  
Hand in hand, through night and day,  
In fleeting moments, we find our way.  
  
Stars above, a guiding map,  
In the vastness, a gentle gap.  
Together, we weave our fragile dream,  
In the tapestry of life, a shared gleam.",58.33333333
human,poem,"In shadows cast by fading light,  
Whispered dreams take silent flight.  
In the heart's deep, quiet space,  
Yearnings dance, an unseen grace.  

Time's embrace, both kind and cold,  
Cradles stories untold.  
Eyes meet eyes, a fleeting glance,  
In that moment, souls entranced.  

Woven threads of joy and pain,  
Fragile bonds, yet strong as chain.  
In the tapestry we weave,  
Echoes of the lives we leave.  

In each breath, a world of sound,  
In each heart, a love profound.  ",58.33333333
human,poem,"In the quiet of dawn's gentle breath,  
Whispers of yesterday linger, soft as a sigh.  
We carry dreams, like fragile leaves,  
In the pockets of our weary hearts.  

Through the mosaic of laughter and tears,  
We stitch the fabric of our days,  
A tapestry woven with moments,  
Where echoes of longing reside.  

In the dance of shadows and light,  
We find our truth,  
A tender embrace,  
In the fleeting grace of time.",58.33333333
human,poem,"In the silent hush of dawn's embrace,  
Where dreams and reality softly lace,  
A heart beats gently, whispers untold,  
Of love and loss, both fierce and bold.  

In shadows cast by fleeting time,  
We dance on edges, rhythms mime,  
With every tear, a story spun,  
In laughter's light, a victory won.  

Through fractured paths, we find our way,  
In brokenness, our hearts convey,  
The strength to rise, to softly mend,  
In every end, we start again.",58.33333333
human,six-word story,"Empty crib, lullaby echoes, heartbroken silence.",91.66666667
human,six-word story,"Empty swings, laughter echoes, children gone.",83.33333333
human,six-word story,"Forgotten umbrella, stormy night, soaked dreams.",83.33333333
human,six-word story,"Abandoned umbrella, waiting owner never returns.",83.33333333
human,six-word story,Bus stop. Empty bench. Sudden downpour.,83.33333333
human,six-word story,"Sunset shadows, empty swing, childhood echoes.",83.33333333
human,six-word story,Forgotten toys gather dust; childhood whispers.,83.33333333
human,six-word story,"Forgotten umbrella; unexpected rain, shared smile.",83.33333333
human,six-word story,"Abandoned dollhouse, childhood echoes quietly fade.",75
human,six-word story,"Empty swing sways, child's laughter echoes.",83.33333333
human,flash fiction,"In the heart of the bustling city, beneath the glow of flickering neon lights, a stolen violin rested idly on a park bench. It had been missing for weeks, a prized possession of the virtuoso Aiden Grant. Tonight, in the rain-slicked street, its journey would end.

Maya, a street musician, stumbled upon the instrument, its polished wood gleaming in the lamplight. She had heard of its disappearance, the city's whispers carried by the wind. Her heart raced; the violin was said to possess a magical quality, elevating any musician to greatness.

As her fingers danced across the strings, the air shimmered with notes so pure they seemed otherworldly. Nearby, a shadow watched—the thief, drawn by Maya's undeniable talent. Captivated, he stepped into the light, revealing Aiden himself, the orchestrator of his violin's ""theft.""

He had sought a muse, and here she was. Together, they would create symphonies from stolen moments, a duet that would echo through the city's soul.",75
human,flash fiction,"Ella had never believed in omens, but as the storm clouds gathered over the Pacific, she couldn't shake the feeling. The tiny Cessna buzzed like a determined bee, slicing through the twilight. Below, the ocean churned, a vast expanse of restless fury.

The pilot, a grizzled veteran named Jake, squinted into the distance. ""We're almost there,"" he shouted over the engine's roar. Ella nodded, clutching her camera. Her assignment was to capture the rare green flash at sunset—a phenomenon as elusive as her dreams.

Suddenly, the plane jolted, caught in an invisible grip. Lightning split the sky, illuminating a monstrous wave rising like a leviathan. Ella's heart pounded; this was nature's wrath, unbridled and magnificent.

As the aircraft teetered on the brink, she snapped a photo. The shutter's click mingled with the storm's roar, a defiant whisper of hope. In that flash, she saw it—not just the green blaze, but a story of survival, etched in light and shadow.",75
human,flash fiction,"The storm swallowed the horizon, its teeth gnashing with lightning. Captain Lila had faced tempests before, but none like this. Her ship, the Sea Whisper, groaned under the onslaught, each wave a mountain her crew scaled with white-knuckled terror.

As the storm's fury crescendoed, Lila spotted a flicker—a lighthouse, its beam a desperate heartbeat against the chaos. ""Hold steady!"" she shouted, though the wind stole her words. She steered towards the light, a beacon of salvation amidst the maelstrom.

The Sea Whisper crashed against the rocks, but instead of splintering, time itself seemed to halt. Lila found herself standing on a tranquil beach, the lighthouse now a ruin, overgrown with ivy and silence. The storm was gone, but so was her crew, her ship.

In her hand, she clutched a seashell, the inside lined with tiny, luminescent writing. It whispered secrets of the storm's curse, a time-warped trial of courage. Lila smiled, pocketed the shell, and set her eyes on the horizon.",75
human,flash fiction,"Smoke curled into the midnight air as Ava gripped the matchbook tighter, her eyes fixed on the inferno that was once the old Baldwin Theatre. The town had whispered about the place for years—haunted, they said. But for Ava, it was a mausoleum of broken dreams and forgotten promises.

The night had begun with a dare, a challenge from the sneering faces of those who never believed she could escape this town. Her heart raced as she struck the first match, the tiny flame a beacon of rebellion. It was supposed to be a small fire, a symbol of defiance. But old wood is thirsty, and the blaze had roared to life with a hunger of its own.

Ava stood frozen, her resolve mingling with terror as sirens wailed in the distance. The town would remember her now—not as the quiet girl from the corner house, but as the one who dared to dance with fire. The embers flickered in her eyes, and as the first drop of rain fell, Ava whispered to the night, ""Let them say I burned bright.""",75
human,flash fiction,"The wind howled through the deserted streets as Mia clutched the stranger's letter, words smudged by tears and rain. It had arrived at her doorstep that morning, bearing no return address, merely the gentle command to ""Meet me where the world ends."" Her heart had leapt at the mystery, but doubts soon clouded her excitement.

Now, standing at the cliff's edge, with the ocean roaring its timeless lullaby below, she waited. Minutes bled into hours, each heartbeat echoing louder than the crashing waves. Just as hope began to wane, a silhouette emerged from the mist—a figure as weathered and familiar as time itself.

""Father?"" she whispered, a name she hadn't spoken in two decades.

He nodded, eyes gleaming with stories untold. ""I wanted you to know the truth,"" he said, voice trembling like the sea.

As dawn's first light painted the sky, she finally understood. Some journeys end where they began, in the embrace of forgiveness.",58.33333333
human,flash fiction,"In the heart of the city, where skyscrapers scraped the sky, Layla stood on the edge of the roof with the wind tangling her hair. Below, the world buzzed, oblivious to her presence. Her heart pounded with the rhythm of the life she had once craved.

""Are you ready?"" called a voice from behind. It was Ethan, her partner in crime and in life, holding two parachutes.

Layla nodded, adrenaline surging through her veins. They had planned this jump for months, a leap from the tallest building that would make them legends among urban explorers.

As they strapped on their parachutes, the city lights twinkled like stars beneath them. Layla felt a strange calmness wash over her. She glanced at Ethan, whose eyes reflected the same exhilaration.

Together they leaped, slicing through the air like meteors. The city roared in their ears, but all Layla heard was the symphony of freedom.

In those few seconds of freefall, she felt truly alive, caught between earth and sky, between fear and elation.",58.33333333
human,flash fiction,"Under the newly fallen snow, the forest was silent, save for the crunch of footsteps that belonged to Mia. She was alone, or so she thought, tracing the path her brother had taken before he vanished. The search parties had given up, but not Mia. As she moved deeper into the woods, the air grew colder, biting at her cheeks.

A glint caught her eye—a silver pendant nestled in the snow. Her brother's. With trembling hands, she picked it up, the metal cold against her skin. Her heart raced, each beat echoing her hope. Suddenly, the silence shattered—a distant but distinct call of her name.

""Mia!""

It was faint, but unmistakable. She spun around, eyes darting between the trees. There it was again, closer this time. Mia pushed forward, fueled by a hope that warmed her more than any fire ever could. The trees parted, revealing a clearing, and there he was, her brother, weary but alive.

In that moment, the snow ceased to matter, and the woods hummed with life once more.",58.33333333
human,flash fiction,"As the last train rumbled into the station, Maya clutched the weathered envelope tightly. Inside was a letter she had never dared to read, penned by her brother Ethan the night before he disappeared ten years ago. The platform was deserted, shadows stretching under dim lights.

Heart pounding, Maya tore open the envelope. The words danced before her eyes: *Meet me where we whispered dreams to the stars.* A flood of memories of summer nights spent on the hill behind their childhood home rushed back. 

She sprinted out of the station, rain mingling with tears on her cheeks. Reaching the hill, she found a figure silhouetted against the moonlit sky. Ethan turned, the years etched into his face but the spark of mischief unchanged. 

“I knew you’d come,” he said, holding out his hand. 

Maya stepped forward, years of questions forgotten. In that moment, under the vast canopy of stars, they were just a brother and sister, reunited where dreams took flight.",58.33333333
human,flash fiction,"In the heart of a bustling city, beneath a sky painted with storm clouds, Elara stood on the rooftop edge of an abandoned skyscraper. The wind tugged at her hair, a relentless whisper echoing her daring resolve. She clutched a small, weathered notebook—a relic from her father, a renowned architect who vanished a decade ago.

Tonight, the city buzzed with an unusual energy, as if it sensed the secrets about to unravel. Elara had decoded the cryptic notes within the pages, revealing a hidden design to harness lightning—a legacy her father never completed.

As the first bolt forked across the sky, she connected the final circuit. A blinding arc leapt from the heavens, striking the rooftop with furious brilliance. The ground trembled, but Elara stood firm, eyes alight with triumph.

The skyscraper hummed to life, a beacon of impossible energy. Below, the city gazed upward in awe, and somewhere in the shadows, her father watched, his legacy reignited in a flash.",75
human,flash fiction,"The storm whispered secrets as it clawed at the windows of the old lighthouse. Inside, Iris clutched the letter with trembling hands. The ink smudged under her tears, but she already knew every word by heart—a confession from her father, revealing a hidden room in the lighthouse that held the truth about his past.

Lightning cracked, illuminating the narrow staircase spiraling up into darkness. Iris hesitated, fear wrestling with curiosity, but the promise of closure drove her upward. The door at the top was heavy, its rusted hinges groaning as it swung open.

In the center of the room lay a dusty trunk. She knelt, heart pounding, and lifted the lid. Her breath caught as she unearthed old journals, photographs, and a revolver wrapped in a faded black scarf. Among them, a single photograph caught her eye—a young woman she had never seen, holding a baby with her father's eyes.

Suddenly, the light flickered and went out, leaving Iris in darkness. She realized she was not alone.",75
r1,joke,"Q: Why did the three-toed sloth open a bakery?
A: To prove he could make slow-cinnamon rolls!

(Customer review: ""10/10 flavor, but he did rise to the occasion… then napped through 3 proofing cycles."") 🌿🍞",75
r1,joke,"😎 Why did the sunglasses emoji and the ice cube emoji get into an argument?
The sunglasses kept saying, ""I’m way cooler,"" but the ice cube shot back, ""At least I don’t melt under pressure!"" 🕶❄️

(Bonus: The snowflake emoji later chimed in, but everyone told it to chill.)",58.33333333
r1,joke,"Why did the giraffe and seal start a circus?
Because together, they could pull off the world’s first neck-stand! 🦒🤹♂️

(Humanity’s first flippy-floppy long-necked applause magnet.)",66.66666667
r1,joke,"Why did the mitochondria bring a ladder to the biology conference?
To help the cell rise to the occasion… but it ended up just ATP-ologizing for the poor energy transfer.",75
r1,joke,"Why did the router go to couples therapy?

Because its Wi-Fi kept dropping signals—turns out the modem felt ""unplugged"" emotionally and the coaxial cable was this close to filing for separation.

(Bonus: They’re now working on a better connection.)",83.33333333
r1,joke,"Why did the duck refuse to work with the beaver?
🐤 Duck: ""Your teeth are dam impressive!""
🦫 Beaver: ""Thanks! Let's build something unbeatable!""
🐤 Duck: ""Quack you talking about? I just float here!""
🦫 Beaver: ""Fine… I’ll stick to my current project.""
🐤 Duck: ""Good! Your ideas are water under the bridge.""

(Bonus pun density: 5/5. OSHA would’ve shut this collab down anyway.) 🚫🔨",58.33333333
r1,joke,"Why did the pandas start a band?
Because after eating all the bamboo, they were too stuffed to nap… and that’s panda-monium! 🎸🐼",41.66666667
r1,joke,"Why did the sunglasses go to school?
To get a degree in shady business. 😎",58.33333333
r1,joke,"Why did the developer quit?
Because he didn’t get arrays! 😄

(P.S. He was hoping for a ""raise""!)",58.33333333
r1,joke,"Why did the baker refuse to help the archivist?
Because he knew they’d just knead the dusty records! 🍞🔍",75
r1,poem,"Beneath the clock’s unblinking eye,
seasons fray like threadbare silk—
autumn spills its copper coins,
winter drinks the moon’s cold milk.

A sparrow carves the sky in two,
its song a needle, sharp and thin.
The earth, a page of half-dried ink,
holds footprints where the wind has been.

Time folds itself in origami cranes,
their wings weighed with unspent rain.
Dawn arrives, a paper cut—
slowly bleeding light again.",91.66666667
r1,poem,"Beneath the moon’s unblinking eye,
The waves unravel, stitch the sky.
A tide withdraws, a breath half-held—
The shore exhales what time compelled.

Sand remembers footprints, faint,
As gulls carve paths where shadows paint.
Salt lingers on the wind’s loose tongue,
A hymn the coral reefs have sung.

The deep guards secrets, cold and stark—
A sunken bell, a rusted ark.
Yet here, where foam and futures blend,
The sea begins where longing ends.",91.66666667
r1,poem,"Beneath the whispers of maple,
a clockwork of rusted gears unwinds—
each leaf a tongue of shattered glass,
each root a vein that time denies.

A fox pauses where the creek forgets its name,
paws testing ice too thin for blame.
The forest hums a lullaby of teeth,
horizon chewing dawn to fragments.

Twilight stitches its silver thread
through cracks in the cathedral pines.
We gather what the shadows shed:
a basket full of stolen embers,
kindling for colder architectures.",91.66666667
r1,poem,"Beneath the weight of borrowed light,
a moth traces circles in the static—
each orbit a question etched in wingbeats,
too fragile for the answering.

The clock’s tongue licks the hours raw,
while shadows knit their nets from maybes.
We name the stars, but they burn
older than every alphabet.

Somewhere, a door left ajar
sways between come and go,
holding its breath like a comma
in a sentence the night refuses to end.",83.33333333
r1,poem,"The moon drops a silver coin in the sea,
waves fold it gently into their palms,
whispering to the anchored ships—
even darkness knows the weight of light.

Sailors hum old hymns to the tide’s breath,
stitching the dark with trembling nets.
The night unravels its blackened seams,
lets the stars bleed through like hymns.

Salt clings to their lungs, a psalm half-sung,
as the deep hums back in a tongue
older than anchors, maps, or names—
a song without shore. Without end.",83.33333333
r1,poem,"Shadows dance on forgotten clocks,
Echoes of moments lost in smoke.
The wind whispers secrets to the trees,
Where ancient truths in rusted keys.

A river's pulse beats through the night,
Guiding stars to silent fights.
In every grain of shifting sand,
A world begins, another ends.",75
r1,poem,"Bare branches sketch prayers
against twilight’s rusted page—
wind hums an old hymn
in the hollows of my coat.

Footprints dissolve
where the river forgets its name,
and the moon, cracked porcelain,
spills its thin milk
over the silence.",91.66666667
r1,poem,"Whispers of the night descend,
Stars like shattered pearls descend.
Dance upon the moon’s soft skin,
While shadows stretch, a silent hymn.

Branches weave a midnight psalm,
The wind, a wanderer, holds breath.
As dawn’s first light begins to seep,
Through cracks where darkness once did creep.

Morning’s promise, stars now sleep,
And in the light, the night’s retreat.
Yet in the echoes, truth we keep—
The dance between the dark and deep.",58.33333333
r1,poem,"Silence unfurls like a shadowed wing,
Whispers of night where stars dissolve.
In the quiet, echoes of forgotten songs
Drift like autumn leaves on a windless sea.
Time bends here, a river of glass.

Winter's breath, a fleeting glow.
",75
r1,poem,"Whispers of the moon
Shadows carve the night
Time dissolves in silence

Stars collide in secret
Hearts in distant orbits
Moments vanish like sparks

In the cosmic dance, we are the song",75
r1,six-word story,Lonely astronaut forgot his own shadow.,83.33333333
r1,six-word story,The old piano whispered forgotten songs.,83.33333333
r1,six-word story,Library closed. All stories left untold.,83.33333333
r1,six-word story,"Forever dance: one step, two ghosts.",91.66666667
r1,six-word story,"""I killed him,"" the clock confessed.",83.33333333
r1,six-word story,"""Laughter echoed amidst the silent grave.""
",83.33333333
r1,six-word story,Last letter arrived after her funeral.,91.66666667
r1,six-word story,"""Last letter returned to sender unopened.""
",83.33333333
r1,six-word story,Samantha’s umbrella whispered of hidden worlds.,75
r1,six-word story,Her letter reached me after burial,83.33333333
r1,flash fiction,"The last train rumbled through the abandoned station, shaking loose a ticket stub from the rafters. Lena pocketed it, her fingers tracing the date: March 15, 1987. Her grandmother had vanished that day, boarding a train that never arrived.

A clock struck midnight, its chime echoing through the empty platform. Lena’s watch, a family heirloom, ticked faster. Then slower. Then stopped.

“Lost something?” A voice behind her.

She turned. A man in a conductor’s uniform held a suitcase. “This was left on platform three.”

The suitcase creaked open. Inside: a letter addressed to her.

“I couldn’t stay,” it read. “But I’ll always be on the tracks between here and tomorrow.”

The train horn blared again. Lena sprinted toward the sound, her watch resuming its rhythm. The train vanished into fog, leaving only the faintest echo: “Catch me next time.”",75
r1,flash fiction,"In the heart of a forgotten library, Aurora discovered a peculiar pocket watch ticking backward. With each rewind, the room reset—books reordered, whispers erased, sunlight cycling through the stained glass. She tried altering events: borrowing a novel before it fell, greeting a stranger who became a friend, but every loop ended with the same hollow silence.

One evening, the librarian, Eve, handed her a note: ""The clock binds us both. To escape, let go."" Aurora laughed, but Eve’s eyes mirrored her exhaustion. Together, they wound the watch to its breaking point. The library dissolved into starlight.

When the world reformed, Aurora found herself alone—yet the watch lay still, its face cracked. In the silence, she heard Eve’s distant voice: ""Time is a river, not a cage.""",75
r1,flash fiction,"The clockmaker’s hands trembled as he etched the final note. “Do not love her,” he wrote, sealing it within the hollow of a grandfather clock. His younger self would find it tomorrow.

The workshop was dim, lit only by the glow of ticking mechanisms. Each clock whispered secrets of the past, their gears synchronized to a rhythm he alone understood.

When the first chime struck midnight, the old clockmaker vanished. His younger self, dusting the same clock, found the note. He laughed, crumpling it. “Impossible,” he muttered. “She’s the first person who’s ever seen me.”

The next chime was louder. The room froze. The clocks stopped. The old clockmaker reappeared, his hands covered in dust. The note lay open on the workbench.

“Do not love her,” it read.

He turned to his younger self, now standing in the corner, eyes wide. “You didn’t listen,” the old man whispered.

The clocks restarted, their ticking slower, slower, until silence.

The workshop was empty. The note remained.
",75
r1,flash fiction,"The clockwork city hummed, gears ticking like a live thing. Kael, a time thief, crept through alleys where hours were traded like coins. His pocket watch buzzed with stolen minutes—enough to pay his debt to the Time Bank.

A figure in a long coat stood at the edge of the market, holding a crystal vial filled with golden sand. Kael snatched it, the glass cold against his palm. The stranger turned, eyes like ancient stars.

“You shouldn’t have done that,” they said, voice echoing like a clock’s chime.

Kael fled, but the vial pulsed. He felt memories: a child laughing, a lover’s kiss, a funeral. The stranger’s life, not his own. The watch in his pocket screamed as time unraveled.

He returned the vial, trembling. The stranger smiled. “Debt paid,” they said, disappearing into the crowd.

Kael’s watch was empty, but his chest felt heavier. He understood now: time stolen was time mourned.",83.33333333
r1,flash fiction,"The Time Market bustled under the flickering glow of clockwork lamps. Zara clutched her last hourglass, its sand dwindling to a single grain. ""One memory, child,"" Mr. Epoch crooned, his voice like rustling pages. ""A price you can't afford.""

Zara hesitated. Her mother's laughter echoed in the glass—laughter she’d never heard in life. ""How much?""

""Twenty years.""

She shattered the glass on the counter. The laughter spilled, swirling into the crowd. A boy smiled, recalling a mother he’d never known. A woman wept, remembering joy she’d lost.

Mr. Epoch pocketed the fragments. ""You’ll forget her soon.""

Zara walked away, the city’s hum replacing the echo in her mind. Somewhere, her mother’s laughter lived on—priceless, yet costlier than any coin.
",83.33333333
r1,flash fiction,"In the dim glow of the library's closing hours, Eleanor’s fingers danced across spines until The Atlas of Lost Hours hummed under her touch. The librarian, a shadow with spectacles, whispered, “Open it, and you’ll find the day your mother forgot you.”

The cover rustled like dry leaves. Maps of time bled into each other—noon skies, midnight forests, and a July afternoon where a little girl waved at a train. Eleanor’s breath hitched. That girl was her, but the train carried her mother away.

As she turned pages, the clock above the shelves unwound. Ticks reversed, chimes unrang. The librarian vanished, replaced by the scent of rain.

Eleanor closed the book. The train reappeared, its whistle a mournful echo. She ran, but the tracks were gone. The librarian’s voice lingered: “Some doors open backward.”

The next morning, Eleanor returned. The book was gone, replaced by a note: You found the day she remembered.
",75
r1,flash fiction,"The city’s neon drizzle soaked through my coat as I knelt beside the unconscious mark. My extractor hummed, pulling threads of memory from his mind like silver smoke. Most were mundane—childhood birthdays, late-night pizza, a fiancée’s laughter. But one strand pulsed with an unfamiliar weight.

I shouldn’t look.
I looked.

In the memory, a lab filled with flickering holograms. A woman in a white coat, her face obscured, injected a serum into a crying child. “Project Echo,” she muttered. “He’ll forget. They all forget.”

The mark’s vitals spiked. I yanked the extractor, but the memory lingered—a ghost in my skull. That child’s face… it was mine.

When I stood, the rain tasted like ash. The city’s glow seemed dimmer, its secrets closer. Somewhere, a woman in white was waiting.",75
r1,flash fiction,"A Librarian's Dilemma
Clara swept dust from the library's forgotten shelves, her fingers tracing spines worn to whispers. The air hummed with secrets. One night, after clockwork ticked past midnight, she opened The Atlas of Lost Cities. The pages shimmered, and Istanbul's bazaars spilled into the aisles.

She danced through eras, each book a portal. In The Ballad of the Blacksmith's Daughter, she forged stars. But with every chapter, memories dissolved: her mother's laughter, the taste of rain.

Last night, she opened The Last Letter from Atlantis. The sea roared, salt stinging her eyes. She floated, a ghost in a sinking city. When she closed the cover, her name felt foreign.

The library waited, patient as time. Clara’s hand trembled over The Poet’s Farewell. The first line read: “In the silence, even stars forget.”

She opened it anyway.",75
r1,flash fiction,"The clock ticked once, twice, thrice—each chime echoing through the hushed library. Clara shelved the last novel, her fingers brushing the spines of Dewey Decimal companions. The day ended like any other. Until it began again.

The Loop
She awoke to the same tick-tock rhythm, same faint scent of aged paper. Confusion turned to dread as hours repeated: a spilled tea, a misplaced atlas, a whispered apology to a stranger. Each iteration, Clara altered details. She sidestepped the spill, memorized the atlas’s shelf, avoided the stranger. Yet the loop persisted.

The Twist
One evening, while reorganizing the fiction section, Clara found her story. A paperback with her name on the spine. Pages revealed her life: the loops, the library, the endless seeking. A postscript read: “Delete character?”

The End
Her fingers trembled as she typed YES. The library dissolved into static. In the void, a cursor blinked: “Character Clara deleted. Story saved.”
",75
r1,flash fiction,"The Locket Paradox
On her 30th birthday, Lena found a locket in her mailbox. No return address, just a note: “For the future you.” Inside, a note read: “Dear Future Me, Please don’t take the job.”

Confused, she pocketed it. That night, she wrote her own note: “Buy the ticket.” The next morning, the locket hummed. The paper inside? Her handwriting—backdated 20 years.

By March, Lena juggled 12 timelines. In one, she was a novelist. In another, a chef. But each time she warned her younger self, she unraveled a new reality.

One midnight, the locket glowed. “Stop,” the note said. Lena’s hands shook. “I’m you. We’re stuck until you forgive.”

She opened it, finding a blank page. She wrote: “I love this life—messy, magnificent, mine.” The locket faded. Morning sun streamed in. She bought the ticket.",75